RBS,TIR
ENHSWRAFLWK,204.6457698872547
QAMYFAWW,288.7328396092013
GTWLTDHAAMIIYM,215.0054598876463
GTPWIR,550.6343515782149
RLYPDDFGQQEHSDK,358.54753560121844
NVDHWHDQWFAMV,1.413593593979745
PRMLTHRHSM,799.343866246223
HTVFCPYFD,237.00517845778245
CSRLNFD,153.4533210043253
EDHSGQ,458.5162736869176
DMVAGCGT,829.9875592514095
PNKKTYQYDTSTAL,386.2017583374113
NELGNPHPNRKMT,698.6667377233797
WVWYNFDVMRARPGF,403.8885480534141
EFWVEQDSLKWPVPT,980.8923961615408
LTWISYFTPPDG,997.2387623115934
DCLYCMIRDKFH,275.34595277778806
QGGRQLHTM,17.99579711911381
PKKGTYQ,203.6501108636327
APYYYVWPMYY,134.97956065650484
MFVIGRGRVWEIWSY,701.9054456033601
GAYNKTYMAWKW,964.8428143942191
NNPWDG,458.68363971564673
SHVRDLN,394.51227330756876
TQMQRDRGHE,227.7094400752553
KYWLGFNQRDGILP,9.140045661437114
NSNPCTS,524.9761612258128
IFIVWGN,443.575092445209
QLCWMM,119.33727985348786
WEEHFHDSD,547.0873914729198
AHVLHW,449.2471905515959
LMSAKKAITFLLQW,961.2032506033922
LRSMQKSRME,242.00880351515153
QDGMGLQS,460.02349527208173
KIPYVMWCSQ,10.080459038684708
AQWNAAFEWTR,91.60836043811827
FWGKLSEFISPMVSR,189.85490101217374
SLLCSWDKN,460.3715145271682
ERTINVRGGGHEWAS,80.48109479712451
QYIQHMD,232.5734281199675
DTTMDGTQFS,41.042117845361936
QNHNLQHSNNN,518.1151819309408
CPPITRDPIF,59.44744079113684
WGNVY,700.5671934452115
GWEKLMSLEA,141.3589100302628
DQLFPFMNGKATFHF,45.71824806820635
PNPATCDIQ,291.65155449641435
RRIQKHTEGVGLVIW,934.6531363217493
NPGNIC,399.7268503351189
QKIDMWKTNGLNMLT,103.22491443307536
YQLRMVM,627.8325171315253
SHLKQITD,345.4008481820464
KGDCQVQPNLK,123.04871707138354
RSVQSTIEET,988.0279715879076
HCGDTMTYGP,923.0248161976717
LFVTWM,151.389664813102
WQEYMLKSPYMPID,643.3226052415934
SAFDCVHKYCWNLIV,832.5865478843906
DEAHHQRNYLQPC,70.61609016083759
QVQCWRTIQK,379.2018532339314
NNAICPHSQQYNW,19.308452673601263
MFVPQQ,104.44162093463771
PAQMFC,325.69308326775104
AMLKVY,44.08891895264399
LVNMKCP,363.8109473991322
EHENRMNL,971.3626654476549
VIQFAYWGGAD,968.7291290137545
IMLASYTGFMG,204.83356419850617
DVEWFRVTDGH,88.94775131623066
VFIMHFNIVWMQT,100.95788613984679
WTSRMLCEQARHRM,689.5765308418811
MHSCPHDIRCSQKW,508.7511723882109
TMSMRT,172.34843466862748
PKHWKLWK,139.67506453499502
MEYNKST,199.92220645282478
RFEETFHEDRNF,450.6773480030487
VHIMTVQEA,209.96738312632058
QGVTAQYVILGDVH,672.289096074744
GDTKYMKMVDW,927.7338604446635
MLPPYRI,217.0663139029597
CESLGQFDYDF,956.6952976938699
HGFPRVPPYTAKNED,740.4297698719436
EEHSFLRPRDDE,832.8229433550416
TIANHLAAFGGWM,868.1760888918773
AKVGHELEFWWN,285.05702110853184
RGCQQKP,653.1651709222275
MICPVCWICAS,993.1069411036046
AQGDSAFHTKE,595.5367902839333
FGQVIRHATRD,600.4821107151232
KMWFPDSC,727.9552522670112
VRRSCP,703.8489399609929
TVVRYG,246.1249458591791
MAVKRNHLKL,865.5750175687182
GENDWEFFPIIMG,896.2059934118803
LTEAGDWMIDVMTG,752.3003883603881
YFIDAP,5.146699178077752
SRSKNTLH,14.660995767194706
RNGNVYC,572.5202445908421
ERFRITTPNH,45.3967096680874
DDRSQ,77.30316614880728
